"North Dakota Department of Health and Human Services",,,,,,,,,,,,,,,
"ND Medicaid Dental Services Fee Schedule",,,,,,,,,,,,,,,
"Inclusion or exclusion of a procedure code, supply, product, or service does not imply Medicaid coverage, reimbursement, or lack thereof.",,,,,,,,,,,,,,,
"Data Updated as of 02/08/2026",,,,,,,,,,,,,,,
"Code","Short Description","Category","Covered","Coverage Notes","Child Rate","Adult Rate","FQHC Generate Encounter","RHC Generate Encounter","IHS Tribal Generate Encounter","ORP Provider NPI Required","Tooth Number","Tooth Surface","Tooth Quadrant","Service Authorization Required","General Notes"
"D0120","Periodic oral evaluation","Dental","Yes",,"$34.94","$32.93","Yes","No","Yes","No","No","No","No","No","Service authorization is required for more than 2 each calendar year. Codes D0120, D0145, D0150, and D0180 share limits. Service is allowed for teledentistry. Code D9995 or D9996 is required when billing teledentistry. services."
"D0140","Limit oral eval problm focus","Dental","Yes",,"$51.91","$50.84","Yes","No","Yes","No","No","No","No","No","Service is allowed for teledentistry. Code D9995 or D9996 is required when billing teledentistry services."
"D0145","Oral evaluation, pt < 3yrs","Dental","Yes","Covered for under age 3","$47.27","$0.00","Yes","No","Yes","No","No","No","No","No","Service authorization is required for more than 2 each calendar year. Codes D0120, D0145, D0150, and D0180 share limits. Service is allowed for teledentistry. Code D9995 or D9996 is required when billing teledentistry services."
"D0150","Comprehensve oral evaluation","Dental","Yes",,"$52.16","$54.71","Yes","No","Yes","No","No","No","No","No","Service authorization is required for more than 2 each calendar year. Codes D0120, D0145, D0150, and D0180 share limits."
"D0160","Extensv oral eval prob focus","Dental","Yes",,"$121.24","$130.46","Yes","No","Yes","No","No","No","No","No","Service authorization is required for more than 2 each calendar year"
"D0170","Re-eval,est pt,problem focus","Dental","Yes",,"$32.55","$37.66","Yes","No","Yes","No","No","No","No","No","Service is allowed for teledentistry. Code D9995 or D9996 is required when billing teledentistry services."
"D0171","Re-evaluation - post operative visit","Dental","Yes",,"$32.55","$37.66","Yes","No","Yes","No","No","No","No","No","Service is allowed for teledentistry. Code D9995 or D9996 is required when billing teledentistry services."
"D0180","Comp periodontal evaluation","Dental","Yes",,"$49.12","$59.10","Yes","No","Yes","No","No","No","No","No","Service authorization is required for more than 2 each calendar year. Codes D0120, D0145, D0150, and D0180 share limits."
"D0190","Screening of a patient","Dental","Yes",,"$22.57","$22.57","Yes","No","Yes","No","No","No","No","No","Service authorization is required for more than 2 each calendar year (D0190, D0191). Service is allowed for teledentistry. Code D9995 or D9996 is required when billing teledentistry services."
"D0191","Assessment of a patient","Dental","Yes",,"$22.57","$22.57","Yes","No","Yes","No","No","No","No","No","Service authorization is required for more than 2 each calendar year (D0190, D0191). Service is allowed for teledentistry. Code D9995 or D9996 is required when billing teledentistry services."
"D0210","Intraor comprehensive series","Dental","Yes",,"$109.36","$99.00","No","No","No","No","No","No","No","No","Service authorization is required for more than 1 each calendar year"
"D0220","Intraoral periap 1st rad image","Dental","Yes",,"$22.98","$20.31","No","No","No","No","Yes","No","No","No","Limit of 1 unit each day"
"D0230","Intraoral periapical ea add","Dental","Yes",,"$17.72","$17.70","No","No","No","No","Yes","No","No","No","Limit of 5 units each day"
"D0240","Intraoral occlusal film","Dental","Yes",,"$35.21","$34.78","No","No","No","No","No","No","No","No","Limit of 2 units each day"
"D0270","Dental bitewing single film","Dental","Yes",,"$19.24","$16.12","No","No","No","No","No","No","No","No","Limit of 1 unit each day"
"D0272","Dental bitewings two films","Dental","Yes",,"$33.65","$31.78","No","No","No","No","No","No","No","No","Limit of 1 unit each day"
"D0273","Bitewings - three films","Dental","Yes",,"$37.32","$40.59","No","No","No","No","No","No","No","No","Limit of 1 unit each day"
"D0274","Dental bitewings four films","Dental","Yes",,"$45.16","$45.20","No","No","No","No","No","No","No","No","Limit of 1 unit each day"
"D0322","Dental tomographic survey","Dental","Yes",,"$35.21","$35.50","No","No","No","No","No","No","No","No",
"D0330","Panoramic image","Dental","Yes",,"$84.33","$77.75","No","No","No","No","No","No","No","No","1 unit allowed every 3 years, see policy for specific limits"
"D0340","Cephalometric radiographic image","Dental","Yes","Covered through age 20 only","$78.15","$0.00","No","No","No","No","No","No","No","No",
"D0350","2D Oral/facial photo images","Dental","Yes",,"$78.15","$73.66","No","No","No","No","No","No","No","No",
"D0364","Cone beam, ct interprete","Dental","Yes",,"$262.95","$248.39","No","No","No","No","No","No","No","No",
"D0365","Cone beam ct interprete man","Dental","Yes",,"$805.44","$760.88","No","No","No","No","No","No","No","No",
"D0366","Cone beam ct interprete max","Dental","Yes",,"$805.44","$758.83","No","No","No","No","No","No","No","No",
"D0367","Cone beam ct interp both jaw","Dental","Yes",,"$372.75","$352.13","No","No","No","No","No","No","No","No",
"D0368","Cone beam ct interprete TMJ","Dental","Yes",,"$1,179.36","$1,111.30","No","No","No","No","No","No","No","No",
"D0369","Max MRI capture & interprete","Dental","Yes",,"$2,109.18","$1,987.27","No","No","No","No","No","No","No","Yes",
"D0383","Cone beam ct both jaws","Dental","Yes","Covered through age 20 only","$394.58","$0.00","No","No","No","No","No","No","No","Yes",
"D0391","Imterprete diagnostic image","Dental","Yes",,"$150.10","$141.45","No","No","No","No","No","No","No","No","See policy for specific limits"
"D0460","Pulp vitality test","Dental","Yes",,"$46.26","$45.19","No","No","No","No","No","No","No","Yes",
"D0461","Testing for cracked tooth","Dental","Yes",,"$46.26","$45.19","No","No","No","No","Yes","No","No","No","1 unit allowed per lifetime, permanent teeth only."
"D0470","Diagnostic casts","Dental","Yes",,"$64.76","$63.25","No","No","No","No","No","No","No","Yes",
"D0604","Antigen test pub hlth pathog","Dental","Yes",,"$39.10","$39.10","No","No","No","No","No","No","No","No",
"D0605","Antibody test pub hlth path","Dental","Yes",,"$46.61","$46.61","No","No","No","No","No","No","No","No",
"D0999","Unspecified diagnostic proce","Dental","Yes",,"$0.00","$0.00","No","No","No","No","No","No","No","No",
"D1110","Dental prophylaxis adult","Dental","Yes",,"$64.58","$65.33","Yes","No","Yes","No","No","No","No","No","Service authorization is required for more than 2 each calendar year"
"D1120","Dental prophylaxis child","Dental","Yes","Covered through age 20 only","$44.92","$0.00","Yes","No","Yes","No","No","No","No","No",
"D1206","Topical fluoride varnish","Dental","Yes",,"$29.88","$28.43","No","No","No","No","No","No","No","No","3 units allowed each calendar year (D1206, D1208)"
"D1208","Topical app of fluoride-ex. Varnish","Dental","Yes",,"$30.63","$24.46","No","No","No","No","No","No","No","No","3 units allowed each calendar year (D1206, D1208)"
"D1351","Dental sealant per tooth","Dental","Yes","Covered through age 20 only","$35.83","$33.75","No","No","No","No","Yes","No","No","No",
"D1353","Sealant repair ","Dental","Yes","Covered through age 20 only","$45.36","$0.00","No","No","No","No","Yes","No","No","No",
"D1354","Int caries med app per tooth","Dental","Yes",,"$14.26","$13.42","No","No","No","No","Yes","No","No","No","See policy for specific limits"
"D1355","Caries med app per tooth","Dental","Yes",,"$14.26","$13.42","No","No","No","No","Yes","No","No","No",
"D1510","Space maintainer fxd unilat","Dental","Yes","Covered through age 20 only","$245.14","$0.00","No","No","No","No","No","No","Yes","No",
"D1516","Fixed bilat space maint, max","Dental","Yes","Covered through age 20 only","$362.13","$0.00","No","No","No","No","No","No","No","No",
"D1517","Fixed bilat space maint, man","Dental","Yes","Covered through age 20 only","$362.13","$0.00","No","No","No","No","No","No","No","No",
"D1520","Remove unilat space maintain","Dental","Yes","Covered through age 20 only","$70.30","$0.00","No","No","No","No","No","No","Yes","No",
"D1526","Remove bilat space main, max","Dental","Yes","Covered through age 20 only","$219.62","$0.00","No","No","No","No","No","No","No","No",
"D1527","Remove bilat space main, man","Dental","Yes","Covered through age 20 only","$219.62","$0.00","No","No","No","No","No","No","No","No",
"D1551","Recement space maint - max","Dental","Yes","Covered through age 20 only","$57.75","$0.00","No","No","No","No","No","No","No","No",
"D1552","Recement space maint - man","Dental","Yes","Covered through age 20 only","$57.75","$0.00","No","No","No","No","No","No","No","No",
"D1553","Recement unilat space maint","Dental","Yes","Covered through age 20 only","$57.75","$0.00","No","No","No","No","No","No","Yes","No",
"D1556","Rem fixed unilat space maint","Dental","Yes","Covered through age 20 only","$53.27","$0.00","No","No","No","No","No","No","Yes","No",
"D1557","Remove fixed bilat maint max","Dental","Yes","Covered through age 20 only","$53.27","$0.00","No","No","No","No","No","No","No","No",
"D1558","Remove fixed bilat man","Dental","Yes","Covered through age 20 only","$53.27","$0.00","No","No","No","No","No","No","No","No",
"D1575","Dist space maint, fixed unil","Dental","Yes","Covered through age 20 only","$160.75","$0.00","No","No","No","No","Yes","No","No","No",
"D2140","Amalgam one surface permanen","Dental","Yes",,"$89.67","$87.54","Yes","No","Yes","No","Yes","Yes","No","No",
"D2150","Amalgam two surfaces permane","Dental","Yes",,"$108.77","$110.25","Yes","No","Yes","No","Yes","Yes","No","No",
"D2160","Amalgam three surfaces perma","Dental","Yes",,"$134.35","$132.59","Yes","No","Yes","No","Yes","Yes","No","No",
"D2161","Amalgam 4 or > surfaces perm","Dental","Yes",,"$174.94","$160.09","Yes","No","Yes","No","Yes","Yes","No","No",
"D2330","Resin one surface-anterior","Dental","Yes",,"$110.45","$102.15","Yes","No","Yes","No","Yes","Yes","No","No",
"D2331","Resin two surfaces-anterior","Dental","Yes",,"$133.12","$130.58","Yes","No","Yes","No","Yes","Yes","No","No",
"D2332","Resin three surfaces-anterio","Dental","Yes",,"$163.80","$156.02","Yes","No","Yes","No","Yes","Yes","No","No",
"D2335","Resin 4/> surf or w incis an","Dental","Yes",,"$199.10","$187.39","Yes","No","Yes","No","Yes","Yes","No","No",
"D2390","Ant resin-based cmpst crown","Dental","Yes","Covered through age 20 only","$298.56","$0.00","Yes","No","Yes","No","Yes","No","No","No",
"D2391","Post 1 srfc resinbased cmpst","Dental","Yes",,"$110.05","$118.31","Yes","No","Yes","No","Yes","Yes","No","No",
"D2392","Post 2 srfc resinbased cmpst","Dental","Yes",,"$137.07","$150.75","Yes","No","Yes","No","Yes","Yes","No","No",
"D2393","Post 3 srfc resinbased cmpst","Dental","Yes",,"$183.89","$184.83","Yes","No","Yes","No","Yes","Yes","No","No",
"D2394","Post >=4srfc resinbase cmpst","Dental","Yes",,"$223.84","$220.63","Yes","No","Yes","No","Yes","Yes","No","No",
"D2710","Crown resin-based indirect","Dental","Yes",,"$492.99","$0.00","Yes","No","Yes","No","Yes","No","No","Yes",
"D2720","Crown resin w/ high noble me","Dental","Yes",,"$813.64","$0.00","Yes","No","Yes","No","Yes","No","No","Yes",
"D2721","Crown resin w/ base metal","Dental","Yes",,"$813.64","$0.00","Yes","No","Yes","No","Yes","No","No","Yes",
"D2722","Crown resin w/ noble metal","Dental","Yes",,"$813.64","$0.00","Yes","No","Yes","No","Yes","No","No","Yes",
"D2740","Crown porcelain/ceramic subs","Dental","Yes",,"$903.65","$751.62","Yes","No","Yes","No","Yes","No","No","Yes",
"D2750","Crown porcelain w/ h noble m","Dental","Yes",,"$848.99","$806.61","Yes","No","Yes","No","Yes","No","No","Yes",
"D2751","Crown porcelain fused base m","Dental","Yes",,"$748.58","$657.93","Yes","No","Yes","No","Yes","No","No","Yes",
"D2752","Crown porcelain w/ noble met","Dental","Yes",,"$810.29","$744.55","Yes","No","Yes","No","Yes","No","No","Yes",
"D2780","Crown 3/4 cast hi noble met","Dental","Yes",,"$903.65","$0.00","Yes","No","Yes","No","Yes","No","No","Yes",
"D2790","Crown full cast high noble m","Dental","Yes",,"$988.26","$751.62","Yes","No","Yes","No","Yes","No","No","Yes",
"D2791","Crown full cast base metal","Dental","Yes",,"$631.42","$0.00","Yes","No","Yes","No","Yes","No","No","Yes",
"D2792","Crown full cast noble metal","Dental","Yes",,"$864.37","$0.00","Yes","No","Yes","No","Yes","No","No","Yes",
"D2910","Recement/rebond inlay onlay or part","Dental","Yes",,"$67.74","$81.53","Yes","No","Yes","No","Yes","No","No","No",
"D2920","Recement/rebond crown","Dental","Yes",,"$73.40","$70.27","Yes","No","Yes","No","Yes","No","No","No",
"D2921","Reattach tooth fragment","Dental","Yes","Covered through age 20 only","$98.31","$0.00","Yes","No","Yes","No","No","No","No","No",
"D2928","Prefab porc/cer crown perm","Dental","Yes",,"$261.35","$262.81","Yes","No","Yes","No","Yes","No","No","Yes, radiographs and documentation are required. Service authorization is required for ages 21 and older.",
"D2930","Prefab stnlss steel crwn pri","Dental","Yes",,"$182.75","$181.82","Yes","No","Yes","No","Yes","No","No","No",
"D2931","Prefab stnlss steel crown pe","Dental","Yes",,"$227.27","$228.54","Yes","No","Yes","No","Yes","No","No","No",
"D2932","Prefabricated resin crown","Dental","Yes",,"$344.88","$338.65","Yes","No","Yes","No","Yes","No","No","Yes, radiographs and documentation are required. Service authorization is required for ages 21 and older.",
"D2933","Prefab stainless steel crown","Dental","Yes",,"$221.94","$217.93","Yes","No","Yes","No","Yes","No","No","No",
"D2934","Prefab steel crown primary","Dental","Yes","Covered through age 20 only","$221.94","$0.00","Yes","No","Yes","No","Yes","No","No","No",
"D2940","Place direct restoration","Dental","Yes",,"$85.23","$72.78","Yes","No","Yes","No","Yes","No","No","No",
"D2950","Core build-up incl any pins","Dental","Yes",,"$200.05","$199.24","Yes","No","Yes","No","Yes","No","No","No",
"D2951","Tooth pin retention","Dental","Yes",,"$42.34","$32.31","Yes","No","Yes","No","Yes","No","No","No",
"D2952","Post and core cast + crown","Dental","Yes",,"$313.05","$248.70","Yes","No","Yes","No","Yes","No","No","No",
"D2954","Prefab post/core + crown","Dental","Yes",,"$242.39","$195.33","Yes","No","Yes","No","Yes","No","No","No",
"D2955","Post removal","Dental","Yes",,"$52.69","$42.47","Yes","No","Yes","No","Yes","No","No","No",
"D2960","Labial veneer resin direct","Dental","Yes",,"$455.83","$0.00","No","No","No","No","Yes","No","No","Yes",
"D2961","Labial veneer resin indirect","Dental","Yes",,"$351.17","$0.00","No","No","No","No","Yes","No","No","Yes",
"D2962","Labial veneer porc indirect","Dental","Yes",,"$773.20","$0.00","No","No","No","No","Yes","No","No","Yes",
"D2991","App of hydroxyapatite","Dental","Yes",,"$71.28","$67.18","No","No","No","No","Yes","No","No","No","Service will be allowed on primary and permanent teeth. Service may not be billed with D1351, D1353, and D1354. Service may not be billed on teeth that have had a previous restoration."
"D2999","Dental unspec restorative pr","Dental","Yes",,"$0.00","$0.00","No","No","No","No","Yes","No","No","Yes",
"D3110","Pulp cap direct","Dental","Yes","Covered through age 20 only","$50.35","$53.79","Yes","No","Yes","No","Yes","No","No","No",
"D3220","Therapeutic pulpotomy","Dental","Yes","Covered through age 20 only","$113.83","$0.00","Yes","No","Yes","No","Yes","No","No","No",
"D3221","Gross pulpal debridement","Dental","Yes","Covered through age 20 only","$144.47","$136.16","Yes","No","Yes","No","Yes","No","No","No",
"D3230","Pulpal therapy anterior prim","Dental","Yes","Covered through age 20 only","$115.22","$0.00","Yes","No","Yes","No","Yes","No","No","No",
"D3240","Pulpal therapy posterior pri","Dental","Yes","Covered through age 20 only","$145.79","$0.00","Yes","No","Yes","No","Yes","No","No","No",
"D3310","End thxpy, anterior tooth","Dental","Yes",,"$505.49","$477.64","Yes","No","Yes","No","Yes","No","No","No",
"D3320","End thxpy, bicuspid tooth","Dental","Yes","Covered through age 20 only","$653.69","$617.65","Yes","No","Yes","No","Yes","No","No","No",
"D3330","End thxpy, molar","Dental","Yes","Covered through age 20 only","$762.88","$720.83","Yes","No","Yes","No","Yes","No","No","No",
"D3331","Non-surg tx root canal obs","Dental","Yes","Covered through age 20 only","$65.50","$0.00","Yes","No","Yes","No","Yes","No","No","Yes, radiographs are required",
"D3332","Incomplete endodontic tx","Dental","Yes",,"$372.96","$351.51","No","No","No","No","Yes","No","No","Yes, radiographs and documentation required",
"D3346","Retreat root canal anterior","Dental","Yes",,"$562.20","$592.67","Yes","No","Yes","No","Yes","No","No","No",
"D3347","Retreat root canal bicuspid","Dental","Yes","Covered through age 20 only","$702.27","$0.00","Yes","No","Yes","No","Yes","No","No","No",
"D3348","Retreat root canal molar","Dental","Yes","Covered through age 20 only","$844.07","$0.00","Yes","No","Yes","No","Yes","No","No","No",
"D3351","Apexification/recalc initial","Dental","Yes","Covered through age 20 only","$236.35","$0.00","Yes","No","Yes","No","Yes","No","No","No",
"D3352","Apexification/recalc interim","Dental","Yes","Covered through age 20 only","$119.51","$0.00","Yes","No","Yes","No","Yes","No","No","No",
"D3353","Apexification/recalc final","Dental","Yes","Covered through age 20 only","$119.51","$0.00","Yes","No","Yes","No","Yes","No","No","No",
"D3410","Apicoectomy - anterior","Dental","Yes","Covered through age 20 only","$558.03","$545.05","Yes","No","Yes","No","Yes","No","No","Yes, radiographs are required",
"D3421","Root surgery bicuspid","Dental","Yes",,"$0.00","$0.00","No","No","No","No","Yes","No","No","Yes",
"D3425","Root surgery molar","Dental","Yes",,"$0.00","$0.00","No","No","No","No","Yes","No","No","Yes",
"D3426","Root surgery ea add root","Dental","Yes",,"$0.00","$0.00","No","No","No","No","Yes","No","No","Yes",
"D3430","Retrograde filling","Dental","Yes","Covered through age 20 only","$174.93","$170.87","Yes","No","Yes","No","Yes","No","No","Yes, radiographs are required",
"D3450","Root amputation","Dental","Yes",,"$0.00","$0.00","No","No","No","No","Yes","No","No","Yes",
"D3460","Endodontic endosseous implan","Dental","Yes",,"$0.00","$0.00","No","No","No","No","Yes","No","No","Yes",
"D3470","Intentional replantation","Dental","Yes",,"$0.00","$0.00","No","No","No","No","Yes","No","No","Yes",
"D4210","Gingivectomy/plasty 4 or mor","Dental","Yes",,"$435.69","$410.47","Yes","No","Yes","No","No","No","Yes","Yes, photographs and documentation are required.",
"D4211","Gingivectomy/plasty 1 to 3","Dental","Yes",,"$135.72","$127.85","Yes","No","Yes","No","No","No","Yes","Yes, photographs and documentation are required.",
"D4212","Gingivectomy/plasty rest","Dental","Yes","Covered through age 20 only","$112.53","$0.00","Yes","No","Yes","No","Yes","No","No","Yes, photographs and documentation are required.",
"D4249","Crown lengthen hard tissue","Dental","Yes","Covered through age 20 only","$0.00","$508.91","Yes","No","Yes","No","No","No","No","Yes, radiographs and/or photographs are required.",
"D4322","Splint intra-coronal","Dental","Yes",,"$452.08","$426.11","Yes","No","Yes","No","No","No","No","Yes",
"D4323","Splint extra-coronal","Dental","Yes",,"$527.16","$496.89","Yes","No","Yes","No","No","No","No","Yes",
"D4341","Periodontal scaling & root","Dental","Yes",,"$198.47","$192.70","Yes","No","Yes","No","No","No","Yes","Yes, periodontal charting required. Service authorization is required for ages 21 and older.","Procedure is allowed once per quadrant every two years for adults age 21 and older."
"D4342","Periodontal scaling 1-3teeth","Dental","Yes",,"$119.06","$95.81","Yes","No","Yes","No","No","No","Yes","Yes, periodontal charting required. Service authorization is required for ages 21 and older.","Procedure is allowed once per quadrant every two years for adults age 21 and older."
"D4346","Scaling gingiv inflammation","Dental","Yes",,"$96.46","$90.98","Yes","No","Yes","No","No","No","No","Yes, periodontal charting required. Service authorization is required for ages 21 and older.",
"D4355","Full mouth debridement","Dental","Yes",,"$144.42","$124.94","Yes","No","Yes","No","No","No","No","No",
"D4910","Periodontal maint procedures","Dental","Yes",,"$94.08","$80.41","Yes","No","Yes","No","No","No","No","No","Service authorization is required for more than 2 each calendar year"
"D5110","Dentures complete maxillary","Dental","Yes",,"$1,085.49","$1,142.42","Yes","No","Yes","No","No","No","No","Yes","Allowed once per 5 years. Authorization is required when the denture replaces a partial denture or complete denture and the prosthesis is less than 5 years old. "
"D5120","Dentures complete mandible","Dental","Yes",,"$1,085.49","$1,158.22","Yes","No","Yes","No","No","No","No","Yes","Allowed once per 5 years. Authorization is required when the denture replaces a partial denture or complete denture and the prosthesis is less than 5 years old. "
"D5130","Dentures immediat maxillary","Dental","Yes",,"$1,394.98","$1,208.27","Yes","No","Yes","No","No","No","No","Yes","Allowed once per 5 years. Authorization is required when the denture replaces a partial denture or complete denture and the prosthesis is less than 5 years old. "
"D5140","Dentures immediat mandible","Dental","Yes",,"$1,146.27","$1,220.57","Yes","No","Yes","No","No","No","No","Yes","Allowed once per 5 years. Authorization is required when the denture replaces a partial denture or complete denture and the prosthesis is less than 5 years old. "
"D5211","Dentures maxill part resin","Dental","Yes",,"$1,147.98","$1,012.11","Yes","No","Yes","No","No","No","No","Yes, radiographs and tooth numbers included in the partial denture are required.","1 unit allowed per 5 years"
"D5212","Dentures mand part resin","Dental","Yes",,"$1,396.74","$1,247.60","Yes","No","Yes","No","No","No","No","Yes, radiographs and tooth numbers included in the partial denture are required.","1 unit allowed per 5 years"
"D5213","Dentures maxill part metal","Dental","Yes",,"$1,427.69","$1,251.03","Yes","No","Yes","No","No","No","No","Yes, radiographs and tooth numbers included in the partial denture are required.","1 unit allowed per 5 years"
"D5214","Dentures mandibl part metal","Dental","Yes",,"$1,421.60","$1,269.59","Yes","No","Yes","No","No","No","No","Yes, radiographs and tooth numbers included in the partial denture are required.","1 unit allowed per 5 years"
"D5221","Immed max part denture resin","Dental","Yes",,"$1,475.26","$1,214.10","Yes","No","Yes","No","No","No","No","Yes, radiographs and tooth numbers included in the partial denture are required.","1 unit allowed per 5 years"
"D5222","Immed man part denture resin","Dental","Yes",,"$1,475.26","$1,214.10","Yes","No","Yes","No","No","No","No","Yes, radiographs and tooth numbers included in the partial denture are required.","1 unit allowed per 5 years"
"D5223","Immed max part dent metal","Dental","Yes",,"$1,834.71","$1,509.92","Yes","No","Yes","No","No","No","No","Yes, radiographs and tooth numbers included in the partial denture are required.","1 unit allowed per 5 years"
"D5224","Immed mand part dent metal","Dental","Yes",,"$1,834.71","$1,509.92","Yes","No","Yes","No","No","No","No","Yes, radiographs and tooth numbers included in the partial denture are required.","1 unit allowed per 5 years"
"D5225","Maxillary part denture flex","Dental","Yes",,"$1,147.98","$1,019.59","Yes","No","Yes","No","No","No","No","Yes","1 unit allowed per 5 years"
"D5226","Mandibular part denture flex","Dental","Yes",,"$1,147.98","$1,301.14","Yes","No","Yes","No","No","No","No","Yes","1 unit allowed per 5 years"
"D5227","Immed max part denture","Dental","Yes",,"$1,979.41","$1,865.68","Yes","No","Yes","No","No","No","No","Yes, radiographs and tooth numbers included in the partial denture are required.","1 unit allowed per 5 years"
"D5228","Immed mand part denture","Dental","Yes",,"$1,985.24","$1,871.17","Yes","No","Yes","No","No","No","No","Yes, radiographs and tooth numbers included in the partial denture are required.","1 unit allowed per 5 years"
"D5282","Remove unil part denture,max","Dental","Yes",,"$909.66","$697.09","Yes","No","Yes","No","No","No","No","Yes, radiographs and tooth numbers included in the partial denture are required.","1 unit allowed per 5 years"
"D5283","Remove unil part denture,man","Dental","Yes",,"$909.66","$697.09","Yes","No","Yes","No","No","No","No","Yes, radiographs and tooth numbers included in the partial denture are required.","1 unit allowed per 5 years"
"D5284","Rem unilat dent flex base","Dental","Yes",,"$573.97","$509.80","Yes","No","Yes","No","No","No","Yes","Yes, radiographs and tooth numbers included in the partial denture are required.","1 unit allowed per 5 years"
"D5286","Rem unilat dent 1 pc resin","Dental","Yes",,"$573.97","$506.06","Yes","No","Yes","No","No","No","Yes","Yes, radiographs and tooth numbers included in the partial denture are required.","1 unit allowed per 5 years"
"D5410","Dentures adjust cmplt maxil","Dental","Yes",,"$59.89","$56.42","Yes","No","Yes","No","No","No","No","No","Service authorization is required for more than 2 each calendar year"
"D5411","Dentures adjust cmplt mand","Dental","Yes",,"$59.89","$56.42","Yes","No","Yes","No","No","No","No","No","Service authorization is required for more than 2 each calendar year"
"D5421","Dentures adjust part maxill","Dental","Yes",,"$59.89","$56.42","Yes","No","Yes","No","No","No","No","No","Service authorization is required for more than 2 each calendar year"
"D5422","Dentures adjust part mandbl","Dental","Yes",,"$59.89","$56.42","Yes","No","Yes","No","No","No","No","No","Service authorization is required for more than 2 each calendar year"
"D5511","Rep broke comp dent base man","Dental","Yes",,"$126.46","$137.77","Yes","No","Yes","No","No","No","No","Yes, situational","Service authorization is required when more than 4 teeth per year are replaced, when replacing all teeth in the denture or partial denture, or when converting the denture from a partial denture to a full complete denture"
"D5512","Rep broke comp dent base max","Dental","Yes",,"$126.46","$137.77","Yes","No","Yes","No","No","No","No","Yes, situational","Service authorization is required when more than 4 teeth per year are replaced, when replacing all teeth in the denture or partial denture, or when converting the denture from a partial denture to a full complete denture"
"D5520","Replace denture teeth complt","Dental","Yes",,"$98.37","$113.87","Yes","No","Yes","No","Yes","No","No","Yes, situational","Service authorization is required when more than 4 teeth are being replaced"
"D5611","Rep resin part dent base man","Dental","Yes",,"$138.84","$134.90","Yes","No","Yes","No","No","No","No","No",
"D5612","Rep resin part dent base max","Dental","Yes",,"$138.84","$134.90","Yes","No","Yes","No","No","No","No","No",
"D5621","Rep cast part frame man","Dental","Yes",,"$207.23","$191.05","Yes","No","Yes","No","No","No","No","No",
"D5622","Rep cast part frame max","Dental","Yes",,"$207.23","$191.05","Yes","No","Yes","No","No","No","No","No",
"D5630","Rep partial denture clasp","Dental","Yes",,"$137.91","$168.20","Yes","No","Yes","No","Yes","No","No","Yes, situational","Service authorization is required when more than 4 teeth are being replaced"
"D5640","Replace part denture teeth","Dental","Yes",,"$105.37","$116.14","Yes","No","Yes","No","Yes","No","No","Yes, situational","Service authorization is required when more than 4 teeth are being replaced"
"D5650","Add tooth to partial denture","Dental","Yes",,"$173.92","$151.73","Yes","No","Yes","No","Yes","No","No","Yes, situational","Service authorization is required when more than 4 teeth are being replaced"
"D5660","Add clasp to partial denture","Dental","Yes",,"$128.27","$145.69","Yes","No","Yes","No","Yes","No","No","Yes, situational","Service authorization is required when more than 4 teeth are being replaced"
"D5710","Dentures rebase cmplt maxil","Dental","Yes",,"$462.59","$435.80","Yes","No","Yes","No","No","No","No","Yes, radiographs are required.  If the request is for replacement, the age of the current denture and reason for replacement are required.","1 unit allowed per 5 years"
"D5711","Dentures rebase cmplt mand","Dental","Yes",,"$462.59","$435.80","Yes","No","Yes","No","No","No","No","Yes, radiographs are required.  If the request is for replacement, the age of the current denture and reason for replacement are required.","1 unit allowed per 5 years"
"D5720","Dentures rebase part maxill","Dental","Yes",,"$325.81","$306.97","Yes","No","Yes","No","No","No","No","Yes, radiographs and tooth numbers included in the partial denture are required.  If the request is for a replacement, the age of the current partial denture and reason for replacement are required","1 unit allowed per 5 years"
"D5721","Dentures rebase part mandbl","Dental","Yes",,"$325.81","$306.97","Yes","No","Yes","No","No","No","No","Yes, radiographs and tooth numbers included in the partial denture are required.  If the request is for a replacement, the age of the current partial denture and reason for replacement are required","1 unit allowed per 5 years"
"D5730","Denture reln cmplt max dir","Dental","Yes",,"$308.96","$260.87","Yes","No","Yes","No","No","No","No","No","See policy for specific limits"
"D5731","Denture reln cmplt mand dir","Dental","Yes",,"$308.96","$248.91","Yes","No","Yes","No","No","No","No","No",
"D5740","Denture reln part max dir","Dental","Yes",,"$308.96","$248.91","Yes","No","Yes","No","No","No","No","No",
"D5741","Denture reln part mand dir","Dental","Yes",,"$308.96","$250.34","Yes","No","Yes","No","No","No","No","No",
"D5750","Denture reln cmplt max indir","Dental","Yes",,"$505.46","$362.85","Yes","No","Yes","No","No","No","No","No",
"D5751","Denture reln cmplt mand ind","Dental","Yes",,"$746.13","$373.58","Yes","No","Yes","No","No","No","No","No",
"D5760","Denture reln part max indir","Dental","Yes",,"$413.62","$350.99","Yes","No","Yes","No","No","No","No","No",
"D5761","Denture reln part mand indir","Dental","Yes",,"$413.62","$346.55","Yes","No","Yes","No","No","No","No","No",
"D5765","Liner compl/partial rem dent","Dental","Yes",,"$620.33","$584.70","Yes","No","Yes","No","No","No","No","No",
"D5820","Denture interm part maxill","Dental","Yes",,"$610.34","$481.54","Yes","No","Yes","No","No","No","No","Yes, radiographs and tooth numbers included in the partial denture are required.  If the request is for a replacement, the age of the current partial denture and reason for replacement are required. Implants must be existing.","1 unit allowed per 5 years"
"D5821","Denture interm part mandbl","Dental","Yes",,"$280.25","$407.63","Yes","No","Yes","No","No","No","No","Yes, radiographs and tooth numbers included in the partial denture are required.  If the request is for a replacement, the age of the current partial denture and reason for replacement are required. Implants must be existing.","1 unit allowed per 5 years"
"D5850","Denture tiss conditn maxill","Dental","Yes",,"$82.60","$86.20","Yes","No","Yes","No","No","No","No","No",
"D5851","Denture tiss condtin mandbl","Dental","Yes",,"$67.74","$77.99","Yes","No","Yes","No","No","No","No","No",
"D5862","Precision attachment","Dental","Yes",,"$0.00","$0.00","No","No","No","No","No","No","No","No",
"D5876","Add metal sub to acrylc dent","Dental","Yes",,"$98.47","$92.78","Yes","No","Yes","No","No","No","Yes","Yes",
"D5911","Facial moulage sectional","Dental","Yes",,"$0.00","$0.00","No","No","No","No","No","No","No","Yes",
"D5912","Facial moulage complete","Dental","Yes",,"$0.00","$0.00","No","No","No","No","No","No","No","Yes",
"D5913","Nasal prosthesis","Dental","Yes",,"$0.00","$0.00","No","No","No","No","No","No","No","Yes",
"D5914","Auricular prosthesis","Dental","Yes",,"$0.00","$0.00","No","No","No","No","No","No","No","Yes",
"D5915","Orbital prosthesis","Dental","Yes",,"$0.00","$0.00","No","No","No","No","No","No","No","Yes",
"D5916","Ocular prosthesis","Dental","Yes",,"$0.00","$0.00","No","No","No","No","No","No","No","Yes",
"D5919","Facial prosthesis","Dental","Yes",,"$0.00","$0.00","No","No","No","No","No","No","No","Yes",
"D5922","Nasal septal prosthesis","Dental","Yes",,"$0.00","$0.00","No","No","No","No","No","No","No","Yes",
"D5923","Ocular prosthesis interim","Dental","Yes",,"$0.00","$0.00","No","No","No","No","No","No","No","Yes",
"D5924","Cranial prosthesis","Dental","Yes",,"$0.00","$0.00","No","No","No","No","No","No","No","Yes",
"D5925","Facial augmentation implant","Dental","Yes",,"$0.00","$0.00","No","No","No","No","No","No","No","Yes",
"D5926","Replacement nasal prosthesis","Dental","Yes",,"$0.00","$0.00","No","No","No","No","No","No","No","Yes",
"D5927","Auricular replacement","Dental","Yes",,"$0.00","$0.00","No","No","No","No","No","No","No","Yes",
"D5928","Orbital replacement","Dental","Yes",,"$0.00","$0.00","No","No","No","No","No","No","No","Yes",
"D5929","Facial replacement","Dental","Yes",,"$0.00","$0.00","No","No","No","No","No","No","No","Yes",
"D5931","Surgical obturator","Dental","Yes",,"$0.00","$0.00","No","No","No","No","No","No","No","Yes",
"D5932","Postsurgical obturator","Dental","Yes",,"$0.00","$0.00","No","No","No","No","No","No","No","Yes",
"D5933","Refitting of obturator","Dental","Yes",,"$0.00","$0.00","No","No","No","No","No","No","No","Yes",
"D5934","Mandibular flange prosthesis","Dental","Yes",,"$0.00","$0.00","No","No","No","No","No","No","No","Yes",
"D5935","Mandibular denture prosth","Dental","Yes",,"$0.00","$0.00","No","No","No","No","No","No","No","Yes",
"D5936","Temp obturator prosthesis","Dental","Yes",,"$0.00","$0.00","No","No","No","No","No","No","No","Yes",
"D5937","Trismus appliance","Dental","Yes",,"$0.00","$0.00","No","No","No","No","No","No","No","Yes",
"D5951","Feeding aid","Dental","Yes",,"$0.00","$0.00","No","No","No","No","No","No","No","Yes",
"D5952","Pediatric speech aid","Dental","Yes",,"$0.00","$0.00","No","No","No","No","No","No","No","Yes",
"D5953","Adult speech aid","Dental","Yes",,"$0.00","$0.00","No","No","No","No","No","No","No","Yes",
"D5954","Superimposed prosthesis","Dental","Yes",,"$0.00","$0.00","No","No","No","No","No","No","No","Yes",
"D5955","Palatal lift prosthesis","Dental","Yes",,"$0.00","$0.00","No","No","No","No","No","No","No","Yes",
"D5958","Intraoral con def inter plt","Dental","Yes",,"$0.00","$0.00","No","No","No","No","No","No","No","Yes",
"D5959","Intraoral con def mod palat","Dental","Yes",,"$0.00","$0.00","No","No","No","No","No","No","No","Yes",
"D5960","Modify speech aid prosthesis","Dental","Yes",,"$0.00","$0.00","No","No","No","No","No","No","No","Yes",
"D5982","Surgical stent","Dental","Yes",,"$0.00","$0.00","No","No","No","No","No","No","No","Yes",
"D5983","Radiation applicator","Dental","Yes",,"$0.00","$0.00","No","No","No","No","No","No","No","Yes",
"D5984","Radiation shield","Dental","Yes",,"$0.00","$0.00","No","No","No","No","No","No","No","Yes",
"D5985","Radiation cone locator","Dental","Yes",,"$0.00","$0.00","No","No","No","No","No","No","No","Yes",
"D5986","Fluoride applicator","Dental","Yes",,"$0.00","$0.00","Yes","No","Yes","No","No","No","No","Yes, radiographs are required",
"D5987","Commissure splint","Dental","Yes",,"$0.00","$0.00","No","No","No","No","No","No","No","Yes",
"D5988","Surgical splint","Dental","Yes",,"$0.00","$0.00","No","No","No","No","No","No","No","Yes",
"D5999","Maxillofacial prosthesis","Dental","Yes",,"$0.00","$0.00","No","No","No","No","No","No","No","Yes",
"D6049","Scale implt peri-implt inflm","Dental","Yes",,"$94.08","$80.41","Yes","Yes","Yes","No","Yes","No","No","Yes",
"D6100","Surg removal of implant body","Dental","Yes",,"$696.47","$656.46","Yes","No","Yes","No","Yes","No","No","Yes, radiographs are required. Implants must be existing.",
"D6210","Prosthodont high noble metal","Dental","Yes","Covered through age 20 only","$752.96","$0.00","No","No","No","No","Yes","No","No","Yes, radiographs and documentation required",
"D6211","Bridge base metal cast","Dental","Yes","Covered through age 20 only","$590.84","$0.00","No","No","No","No","Yes","No","No","Yes, radiographs and documentation required",
"D6212","Bridge noble metal cast","Dental","Yes","Covered through age 20 only","$590.84","$0.00","No","No","No","No","Yes","No","No","Yes, radiographs and documentation required",
"D6240","Bridge porcelain high noble","Dental","Yes","Covered through age 20 only","$942.82","$0.00","No","No","No","No","Yes","No","No","Yes, radiographs and documentation required",
"D6241","Bridge porcelain base metal","Dental","Yes","Covered through age 20 only","$692.18","$0.00","No","No","No","No","Yes","No","No","Yes, radiographs and documentation required",
"D6242","Bridge porcelain nobel metal","Dental","Yes","Covered through age 20 only","$1,015.39","$0.00","No","No","No","No","Yes","No","No","Yes, radiographs and documentation required",
"D6245","Bridge porcelain/ceramic","Dental","Yes","Covered through age 20 only","$958.40","$921.37","No","No","No","No","Yes","No","No","Yes, radiographs and documentation required",
"D6250","Bridge resin w/high noble","Dental","Yes","Covered through age 20 only","$553.75","$0.00","No","No","No","No","Yes","No","No","Yes, radiographs and documentation required",
"D6251","Bridge resin base metal","Dental","Yes","Covered through age 20 only","$553.75","$0.00","No","No","No","No","Yes","No","No","Yes, radiographs and documentation required",
"D6252","Bridge resin w/noble metal","Dental","Yes","Covered through age 20 only","$553.75","$0.00","No","No","No","No","Yes","No","No","Yes, radiographs and documentation required",
"D6280","Implt maint procd remv implt","Dental","Yes",,"$198.47","$192.70","Yes","Yes","Yes","No","No","No","Yes","Yes",
"D6545","Dental retainr cast metl","Dental","Yes","Covered through age 20 only","$430.44","$0.00","No","No","No","No","Yes","No","No","Yes, radiographs and documentation required",
"D6548","Porcelain/ceramic retainer","Dental","Yes","Covered through age 20 only","$607.50","$0.00","No","No","No","No","No","No","No","Yes, radiographs and documentation required",
"D6720","Retain crown resin w hi nble","Dental","Yes","Covered through age 20 only","$526.74","$0.00","No","No","No","No","Yes","No","No","Yes, radiographs and documentation required",
"D6721","Crown resin w/base metal","Dental","Yes","Covered through age 20 only","$526.74","$0.00","No","No","No","No","Yes","No","No","Yes, radiographs and documentation required",
"D6722","Crown resin w/noble metal","Dental","Yes","Covered through age 20 only","$526.74","$0.00","No","No","No","No","Yes","No","No","Yes, radiographs and documentation required",
"D6740","Crown porcelain/ceramic","Dental","Yes","Covered through age 20 only","$785.46","$755.11","No","No","No","No","Yes","No","No","Yes, radiographs and documentation required",
"D6750","Crown porcelain high noble","Dental","Yes",,"$942.82","$0.00","No","No","No","No","Yes","No","No","No",
"D6751","Crown porcelain base metal","Dental","Yes","Covered through age 20 only","$700.57","$0.00","No","No","No","No","Yes","No","No","Yes, radiographs and documentation required",
"D6752","Crown porcelain noble metal","Dental","Yes","Covered through age 20 only","$848.12","$0.00","No","No","No","No","Yes","No","No","Yes, radiographs and documentation required",
"D6780","Crown 3/4 high noble metal","Dental","Yes","Covered through age 20 only","$543.73","$0.00","No","No","No","No","Yes","No","No","Yes, radiographs and documentation required",
"D6790","Crown full high noble metal","Dental","Yes","Covered through age 20 only","$752.96","$0.00","No","No","No","No","Yes","No","No","Yes, radiographs and documentation required",
"D6791","Crown full base metal cast","Dental","Yes","Covered through age 20 only","$675.24","$0.00","No","No","No","No","Yes","No","No","Yes, radiographs and documentation required",
"D6792","Crown full noble metal cast","Dental","Yes","Covered through age 20 only","$702.30","$0.00","No","No","No","No","Yes","No","No","Yes, radiographs and documentation required",
"D6930","Dental recement bridge","Dental","Yes",,"$100.00","$82.49","Yes","No","Yes","No","No","No","No","No",
"D7111","Extraction coronal remnants","Dental","Yes",,"$86.16","$69.30","Yes","No","Yes","No","Yes","No","No","No",
"D7140","Extraction erupted tooth/exr","Dental","Yes",,"$97.73","$105.12","Yes","No","Yes","No","Yes","No","No","No",
"D7210","Rem imp tooth w mucoper flp","Dental","Yes",,"$213.13","$214.88","Yes","No","Yes","No","Yes","No","No","No",
"D7220","Impact tooth remov soft tiss","Dental","Yes",,"$255.71","$236.20","Yes","No","Yes","No","Yes","No","No","No",
"D7230","Impact tooth remov part bony","Dental","Yes",,"$323.48","$321.26","Yes","No","Yes","No","Yes","No","No","No",
"D7240","Impact tooth remov comp bony","Dental","Yes",,"$367.20","$367.44","Yes","No","Yes","No","Yes","No","No","No",
"D7241","Impact tooth rem bony w/comp","Dental","Yes",,"$445.00","$401.70","Yes","No","Yes","No","Yes","No","No","No",
"D7250","Tooth root removal","Dental","Yes",,"$212.84","$208.45","Yes","No","Yes","No","Yes","No","No","No",
"D7251","Coronectomy","Dental","Yes",,"$412.44","$403.92","Yes","No","Yes","No","Yes","No","No","Yes, radiographs are required",
"D7260","Oral antral fistula closure","Dental","Yes",,"$807.37","$760.60","Yes","No","Yes","No","No","No","No","No",
"D7261","Primary closure sinus perf","Dental","Yes",,"$0.00","$1,035.56","Yes","No","Yes","No","No","No","No","No",
"D7270","Tooth reimplantation","Dental","Yes",,"$617.68","$327.28","Yes","No","Yes","No","Yes","No","No","No",
"D7280","Exposure impact tooth orthod","Dental","Yes",,"$389.99","$317.02","Yes","No","Yes","No","Yes","No","No","No",
"D7283","Place device impacted tooth","Dental","Yes",,"$153.63","$155.08","Yes","No","Yes","No","Yes","No","No","No",
"D7285","Biopsy of oral tissue hard","Dental","Yes",,"$384.98","$313.59","Yes","No","Yes","No","No","No","No","No",
"D7286","Biopsy of oral tissue soft","Dental","Yes",,"$384.98","$282.91","Yes","No","Yes","No","No","No","No","No",
"D7290","Repositioning of teeth","Dental","Yes",,"$198.22","$186.53","Yes","No","Yes","No","Yes","No","No","No",
"D7291","Transseptal fiberotomy","Dental","Yes",,"$140.58","$141.94","Yes","No","Yes","No","No","No","No","No",
"D7296","Corticotomy, 1-3 teeth","Dental","Yes",,"$110.61","$104.20","Yes","No","Yes","No","No","No","Yes","No",
"D7297","Corticotomy, 4 or more teeth","Dental","Yes",,"$355.07","$334.49","Yes","No","Yes","No","No","No","Yes","No",
"D7298","Remove screw retained plate","Dental","Yes","Covered through age 20 only","$0.00","$0.00","No","No","No","No","No","No","Yes","Yes",
"D7299","Rem anchorage device w/flap","Dental","Yes","Covered through age 20 only","$0.00","$0.00","No","No","No","No","No","No","Yes","Yes",
"D7300","Rem anchorage dev w/o flap","Dental","Yes","Covered through age 20 only","$0.00","$0.00","No","No","No","No","No","No","Yes","Yes",
"D7310","Alveoplasty w/ extraction","Dental","Yes",,"$217.40","$221.42","Yes","No","Yes","No","No","No","Yes","No",
"D7311","Alveoloplasty w/extract 1-3","Dental","Yes",,"$210.76","$192.06","Yes","No","Yes","No","No","No","Yes","No",
"D7320","Alveoplasty w/o extraction","Dental","Yes",,"$0.00","$242.29","Yes","No","Yes","No","No","No","Yes","No",
"D7321","Alveoloplasty not w/extracts","Dental","Yes",,"$210.76","$170.18","Yes","No","Yes","No","No","No","Yes","No",
"D7340","Vestibuloplasty ridge extens","Dental","Yes",,"$422.04","$426.08","Yes","No","Yes","No","No","No","No","No",
"D7350","Vestibuloplasty exten graft","Dental","Yes",,"$422.04","$426.08","Yes","No","Yes","No","No","No","No","No",
"D7410","Rad exc lesion up to 1.25 cm","Dental","Yes",,"$374.43","$290.06","Yes","No","Yes","No","No","No","No","No",
"D7411","Excision benign lesion>1.25c","Dental","Yes",,"$675.24","$543.75","Yes","No","Yes","No","No","No","No","No",
"D7412","Excision benign lesion compl","Dental","Yes",,"$464.27","$437.38","Yes","No","Yes","No","No","No","No","Yes",
"D7413","Excision malig lesion<=1.25c","Dental","Yes",,"$374.43","$0.00","Yes","No","Yes","No","No","No","No","Yes",
"D7414","Excision malig lesion>1.25cm","Dental","Yes",,"$675.24","$0.00","Yes","No","Yes","No","No","No","No","Yes",
"D7415","Excision malig les complicat","Dental","Yes",,"$464.27","$0.00","Yes","No","Yes","No","No","No","No","Yes",
"D7440","Malig tumor exc to 1.25 cm","Dental","Yes",,"$0.00","$0.00","Yes","No","Yes","No","No","No","No","No",
"D7441","Malig tumor > 1.25 cm","Dental","Yes",,"$0.00","$0.00","Yes","No","Yes","No","No","No","No","No",
"D7450","Rem odontogen cyst to 1.25cm","Dental","Yes",,"$778.66","$152.50","Yes","No","Yes","No","No","No","Yes","No",
"D7451","Rem odontogen cyst > 1.25 cm","Dental","Yes",,"$786.80","$733.71","Yes","No","Yes","No","No","No","No","No",
"D7460","Rem nonodonto cyst to 1.25cm","Dental","Yes",,"$87.79","$88.62","Yes","No","Yes","No","No","No","No","No",
"D7461","Rem nonodonto cyst > 1.25 cm","Dental","Yes",,"$131.72","$133.01","Yes","No","Yes","No","No","No","No","No",
"D7465","Lesion destruction","Dental","Yes",,"$0.00","$0.00","No","No","No","No","No","No","No","Yes",
"D7471","Rem exostosis any site","Dental","Yes",,"$210.76","$500.55","Yes","No","Yes","No","No","No","No","No",
"D7472","Removal of torus palatinus","Dental","Yes",,"$748.58","$705.20","Yes","No","Yes","No","No","No","No","No",
"D7473","Remove torus mandibularis","Dental","Yes",,"$685.57","$645.85","Yes","No","Yes","No","No","No","Yes","No",
"D7485","Surg reduct osseoustuberosit","Dental","Yes",,"$796.31","$750.17","Yes","No","Yes","No","No","No","Yes","Yes, radiographs are required",
"D7490","Maxilla or mandible resectio","Dental","Yes",,"$0.00","$0.00","No","No","No","No","No","No","No","Yes",
"D7510","I&d absc intraoral soft tiss","Dental","Yes",,"$180.43","$162.75","Yes","No","Yes","No","Yes","No","No","No",
"D7511","Incision/drain abscess intra","Dental","Yes",,"$109.85","$133.16","Yes","No","Yes","No","Yes","No","No","No",
"D7520","I&d abscess extraoral","Dental","Yes",,"$371.29","$334.90","Yes","No","Yes","No","Yes","No","No","No",
"D7521","Incision/drain abscess extra","Dental","Yes",,"$478.58","$409.34","Yes","No","Yes","No","Yes","No","No","No",
"D7530","Removal fb skin/areolar tiss","Dental","Yes",,"$98.37","$255.45","Yes","No","Yes","No","No","No","No","No",
"D7540","Removal of fb reaction","Dental","Yes",,"$235.79","$222.14","Yes","No","Yes","No","No","No","No","Yes, radiographs are required",
"D7550","Removal of sloughed off bone","Dental","Yes",,"$349.31","$329.07","Yes","No","Yes","No","No","No","Yes","Yes, radiographs are required",
"D7560","Maxillary sinusotomy","Dental","Yes",,"$456.73","$430.26","Yes","No","Yes","No","No","No","No","Yes, radiographs are required",
"D7610","Maxilla open reduct simple","Dental","Yes",,"$0.00","$0.00","No","No","No","No","No","No","No","Yes",
"D7620","Clsd reduct simpl maxilla fx","Dental","Yes",,"$0.00","$0.00","No","No","No","No","No","No","No","Yes",
"D7630","Open red simpl mandible fx","Dental","Yes",,"$0.00","$0.00","No","No","No","No","No","No","No","Yes",
"D7640","Clsd red simpl mandible fx","Dental","Yes",,"$0.00","$0.00","No","No","No","No","No","No","No","Yes",
"D7650","Open red simp malar/zygom fx","Dental","Yes",,"$0.00","$0.00","No","No","No","No","No","No","No","Yes",
"D7660","Clsd red simp malar/zygom fx","Dental","Yes",,"$0.00","$0.00","No","No","No","No","No","No","No","Yes",
"D7670","Closd rductn splint alveolus","Dental","Yes",,"$0.00","$0.00","No","No","No","No","No","No","No","Yes",
"D7671","Alveolus open reduction","Dental","Yes",,"$0.00","$0.00","No","No","No","No","No","No","No","Yes",
"D7680","Reduct simple facial bone fx","Dental","Yes",,"$0.00","$0.00","No","No","No","No","No","No","No","Yes",
"D7710","Maxilla open reduct compound","Dental","Yes",,"$0.00","$0.00","No","No","No","No","No","No","No","Yes",
"D7720","Clsd reduct compd maxilla fx","Dental","Yes",,"$0.00","$0.00","No","No","No","No","No","No","No","Yes",
"D7730","Open reduct compd mandble fx","Dental","Yes",,"$0.00","$0.00","No","No","No","No","No","No","No","Yes",
"D7740","Clsd reduct compd mandble fx","Dental","Yes",,"$0.00","$0.00","No","No","No","No","No","No","No","Yes",
"D7750","Open red comp malar/zygma fx","Dental","Yes",,"$0.00","$0.00","No","No","No","No","No","No","No","Yes",
"D7760","Clsd red comp malar/zygma fx","Dental","Yes",,"$0.00","$0.00","No","No","No","No","No","No","No","Yes",
"D7770","Open reduc compd alveolus fx","Dental","Yes",,"$0.00","$0.00","No","No","No","No","No","No","No","Yes",
"D7771","Alveolus clsd reduc stblz te","Dental","Yes",,"$0.00","$0.00","No","No","No","No","No","No","No","Yes",
"D7780","Reduct compnd facial bone fx","Dental","Yes",,"$0.00","$0.00","No","No","No","No","No","No","No","Yes",
"D7810","Tmj open reduct-dislocation","Dental","Yes",,"$0.00","$0.00","Yes","No","Yes","No","No","No","No","Yes",
"D7820","Closed tmp manipulation","Dental","Yes",,"$0.00","$0.00","Yes","No","Yes","No","No","No","No","Yes",
"D7830","Tmj manipulation under anest","Dental","Yes",,"$0.00","$0.00","Yes","No","Yes","No","No","No","No","Yes",
"D7840","Removal of tmj condyle","Dental","Yes",,"$0.00","$0.00","Yes","No","Yes","No","No","No","No","Yes",
"D7850","Tmj meniscectomy","Dental","Yes",,"$0.00","$0.00","Yes","No","Yes","No","No","No","No","Yes",
"D7852","Tmj repair of joint disc","Dental","Yes",,"$0.00","$0.00","Yes","No","Yes","No","No","No","No","Yes",
"D7854","Tmj excisn of joint membrane","Dental","Yes",,"$0.00","$0.00","Yes","No","Yes","No","No","No","No","Yes",
"D7856","Tmj cutting of a muscle","Dental","Yes",,"$0.00","$0.00","Yes","No","Yes","No","No","No","No","Yes",
"D7858","Tmj reconstruction","Dental","Yes",,"$0.00","$0.00","Yes","No","Yes","No","No","No","No","Yes",
"D7860","Tmj cutting into joint","Dental","Yes",,"$0.00","$0.00","Yes","No","Yes","No","No","No","No","Yes",
"D7865","Tmj reshaping components","Dental","Yes",,"$0.00","$0.00","Yes","No","Yes","No","No","No","No","Yes",
"D7870","Tmj aspiration joint fluid","Dental","Yes",,"$0.00","$0.00","Yes","No","Yes","No","No","No","No","Yes",
"D7871","Lysis + lavage w catheters","Dental","Yes",,"$0.00","$0.00","Yes","No","Yes","No","No","No","No","Yes",
"D7872","Tmj diagnostic arthroscopy","Dental","Yes",,"$0.00","$0.00","Yes","No","Yes","No","No","No","No","Yes",
"D7873","Tmj arthroscopy lysis adhesn","Dental","Yes",,"$0.00","$0.00","Yes","No","Yes","No","No","No","No","Yes",
"D7874","Tmj arthroscopy disc reposit","Dental","Yes",,"$0.00","$0.00","Yes","No","Yes","No","No","No","No","Yes",
"D7875","Tmj arthroscopy synovectomy","Dental","Yes",,"$0.00","$0.00","Yes","No","Yes","No","No","No","No","Yes",
"D7876","Tmj arthroscopy discectomy","Dental","Yes",,"$0.00","$0.00","Yes","No","Yes","No","No","No","No","Yes",
"D7877","Tmj arthroscopy debridement","Dental","Yes",,"$0.00","$0.00","Yes","No","Yes","No","No","No","No","Yes",
"D7880","Occlusal orthotic appliance","Dental","Yes",,"$412.25","$402.68","Yes","No","Yes","No","No","No","No","No","Service authorization is required for more than 1 each calendar year"
"D7899","Tmj unspecified therapy","Dental","Yes",,"$0.00","$0.00","Yes","No","Yes","No","No","No","No","Yes",
"D7910","Dent sutur recent wnd to 5cm","Dental","Yes","This code is not separately payable. It is included in the extractions.","$57.07","$123.42","No","No","No","No","No","No","No","No",
"D7911","Dental suture wound to 5 cm","Dental","Yes","This code is not separately payable. It is included in the extractions.","$43.92","$44.36","No","No","No","No","No","No","No","No",
"D7912","Suture complicate wnd > 5 cm","Dental","Yes","This code is not separately payable. It is included in the extractions.","$43.92","$44.36","No","No","No","No","No","No","No","No",
"D7920","Dental skin graft","Dental","Yes",,"$0.00","$0.00","Yes","No","Yes","No","No","No","No","Yes",
"D7922","Place intra-socket bio dress","Dental","Yes",,"$52.04","$49.05","Yes","No","Yes","No","Yes","No","No","No",
"D7940","Reshaping bone orthognathic","Dental","Yes",,"$0.00","$0.00","Yes","No","Yes","No","No","No","No","Yes",
"D7941","Bone cutting ramus closed","Dental","Yes",,"$0.00","$0.00","Yes","No","Yes","No","No","No","No","Yes",
"D7943","Cutting ramus open w/graft","Dental","Yes",,"$0.00","$0.00","Yes","No","Yes","No","No","No","No","Yes",
"D7944","Bone cutting segmented","Dental","Yes",,"$0.00","$0.00","Yes","No","Yes","No","No","No","No","Yes",
"D7945","Bone cutting body mandible","Dental","Yes",,"$0.00","$0.00","Yes","No","Yes","No","No","No","No","Yes",
"D7946","Reconstruction maxilla total","Dental","Yes",,"$0.00","$0.00","Yes","No","Yes","No","No","No","No","Yes",
"D7947","Reconstruct maxilla segment","Dental","Yes",,"$0.00","$0.00","Yes","No","Yes","No","No","No","No","Yes",
"D7948","Reconstruct midface no graft","Dental","Yes",,"$0.00","$0.00","Yes","No","Yes","No","No","No","No","Yes",
"D7949","Reconstruct midface w/graft","Dental","Yes",,"$0.00","$0.00","Yes","No","Yes","No","No","No","No","Yes",
"D7950","Mandible graft","Dental","Yes",,"$0.00","$0.00","Yes","No","Yes","No","No","No","No","Yes",
"D7953","Bone replacement graft","Dental","Yes","Covered for ages 21 and over","$0.00","$167.49","Yes","No","Yes","No","No","No","No","Yes",
"D7955","Repair maxillofacial defects","Dental","Yes",,"$0.00","$0.00","Yes","No","Yes","No","No","No","No","Yes",
"D7961","Buccal/labial frenectomy","Dental","Yes",,"$427.53","$365.66","Yes","No","Yes","No","No","No","No","Yes, required for age 2 and older. Photographs and documentation are required.",
"D7962","Lingual frenectomy","Dental","Yes",,"$427.53","$365.66","Yes","No","Yes","No","No","No","No","Yes, required for age 2 and older. Photographs and documentation are required.",
"D7963","Frenuloplasty","Dental","Yes",,"$585.11","$618.05","Yes","No","Yes","No","No","No","No","Yes, photographs and documentation are required.",
"D7970","Excision hyperplastic tissue","Dental","Yes",,"$387.74","$365.29","Yes","No","Yes","No","No","No","No","Yes",
"D7971","Excision pericoronal gingiva","Dental","Yes",,"$188.52","$177.58","Yes","No","Yes","No","Yes","No","No","Yes",
"D7972","Surg redct fibrous tuberosit","Dental","Yes",,"$0.00","$0.00","Yes","No","Yes","No","No","No","No","Yes",
"D7980","Sialolithotomy","Dental","Yes",,"$0.00","$0.00","Yes","No","Yes","No","No","No","No","Yes",
"D7981","Excision of salivary gland","Dental","Yes",,"$0.00","$0.00","Yes","No","Yes","No","No","No","No","Yes",
"D7982","Sialodochoplasty","Dental","Yes",,"$0.00","$0.00","Yes","No","Yes","No","No","No","No","Yes",
"D7983","Closure of salivary fistula","Dental","Yes",,"$0.00","$0.00","Yes","No","Yes","No","No","No","No","Yes",
"D7990","Emergency tracheotomy","Dental","Yes",,"$0.00","$0.00","Yes","No","Yes","No","No","No","No","Yes",
"D7991","Dental coronoidectomy","Dental","Yes",,"$0.00","$0.00","Yes","No","Yes","No","No","No","No","Yes",
"D7996","Implant mandible for augment","Dental","Yes",,"$0.00","$0.00","Yes","No","Yes","No","No","No","No","Yes",
"D7997","Appliance removal","Dental","Yes",,"$0.00","$0.00","Yes","No","Yes","No","No","No","No","Yes",
"D7999","Oral surgery procedure","Dental","Yes",,"$0.00","$0.00","Yes","No","Yes","No","No","No","No","Yes",
"D8020","Limited dental tx transition","Dental","Yes","Covered through age 20 only","$1,440.31","$0.00","Yes","No","Yes","No","No","No","No","Yes, submit SFN 61, radiographs and photographs",
"D8030","Limited dental tx adolescent","Dental","Yes","Covered through age 20 only","$1,440.31","$0.00","Yes","No","Yes","No","No","No","No","Yes, submit SFN 61, radiographs and photographs",
"D8040","Limited dental tx adult","Dental","Yes",,"$0.00","$0.00","No","No","No","No","No","No","No","No",
"D8070","Compre dental tx transition","Dental","Yes","Covered through age 20 only","$2,810.75","$0.00","Yes","No","Yes","No","No","No","No","Yes, submit SFN 61, radiographs and photographs. This service is considered only when a child is in the middle of treatment/orthodontic transfer.",
"D8080","Compre dental tx adolescent","Dental","Yes","Covered through age 20 only","$1,782.67","$0.00","Yes","No","Yes","No","No","No","No","Yes, submit SFN 61, radiographs and photographs. This service is considered only when a child is in the middle of treatment/orthodontic transfer.",
"D8090","Compre dental tx adult","Dental","Yes","Covered through age 20 only","$4,617.72","$0.00","Yes","No","Yes","No","No","No","No","Yes, submit SFN 61, radiographs and photographs",
"D8210","Orthodontic rem appliance tx","Dental","Yes","Covered through age 20 only","$638.50","$0.00","Yes","No","Yes","No","No","No","No","Yes",
"D8220","Fixed appliance therapy habt","Dental","Yes","Covered through age 20 only","$638.50","$0.00","Yes","No","Yes","No","No","No","No","Yes",
"D8660","Preorthodontic tx visit","Dental","Yes","Covered through age 20 only","$36.16","$0.00","No","No","No","No","No","No","No","No",
"D8680","Orthodontic retention","Dental","Yes","Covered through age 20 only","$0.00","$0.00","Yes","No","Yes","No","No","No","No","Yes",
"D8681","Removable retainer adjust","Dental","Yes","Covered through age 20 only","$60.20","$0.00","Yes","No","Yes","No","No","No","No","No","Included in delivery of service unless over 1 year old or was made by another dentist"
"D8695","Remove fixed ortho appliance","Dental","Yes","Covered through age 20 only","$169.95","$0.00","Yes","No","Yes","No","No","No","No","Yes",
"D8696","Rep of ortho appliance max","Dental","Yes","Covered through age 20 only","$86.65","$0.00","Yes","No","Yes","No","No","No","No","No",
"D8697","Rep of ortho appliance man","Dental","Yes","Covered through age 20 only","$86.65","$0.00","Yes","No","Yes","No","No","No","No","No",
"D8698","Recement fixed retainer max","Dental","Yes","Covered through age 20 only","$57.75","$0.00","Yes","No","Yes","No","No","No","No","No",
"D8699","Recement fixed retainer man","Dental","Yes","Covered through age 20 only","$57.75","$0.00","Yes","No","Yes","No","No","No","No","No",
"D8701","Repair fixed retainer max","Dental","Yes","Covered through age 20 only","$103.52","$0.00","Yes","No","Yes","No","No","No","No","No",
"D8702","Repair of fixed retainer man","Dental","Yes","Covered through age 20 only","$103.52","$0.00","Yes","No","Yes","No","No","No","No","No",
"D8703","Replace broken retainer max","Dental","Yes","Covered through age 20 only","$207.03","$0.00","Yes","No","Yes","No","No","No","No","No","1 unit allowed per lifetime"
"D8704","Replace broken retainer man","Dental","Yes","Covered through age 20 only","$207.03","$0.00","Yes","No","Yes","No","No","No","No","No","1 unit allowed per lifetime"
"D8999","Orthodontic procedure","Dental","Yes",,"$0.00","$0.00","No","No","No","No","No","No","No","Yes",
"D9110","Palliative tx dental pain","Dental","Yes",,"$77.39","$70.96","No","No","No","No","No","No","No","No","This service is reimbursed on a “per visit” basis. Procedures performed on the same date of service may be billed in addition to D9110. Palliative Treatment does not include an evaluation. The evaluation should be billed separately when performed in addition to other services performed such as radiographs. ND Medicaid does not reimburse Palliative Treatment for routine treatment such as prophylaxis or sealants. Palliative Treatment may not be billed for denture “steps”. Examples of Palliative Treatment would be smoothing a sharp edge on a broken tooth or restoration or incising an abscess. "
"D9120","Fix partial denture section","Dental","Yes",,"$0.00","$151.79","No","No","No","No","No","No","No","Yes, radiographs are required",
"D9222","Deep anest, 1st 15 min","Dental","Yes",,"$145.42","$156.87","Yes","No","Yes","No","No","No","No","No","8 units allowed each visit"
"D9223","General anesth ea addl 15 mi","Dental","Yes",,"$133.82","$144.17","Yes","No","Yes","No","No","No","No","No","8 units allowed each visit"
"D9224","Gen anes adv air-15 min","Dental","Yes",,"$145.42","$156.87","No","No","No","No","No","No","No","No",
"D9225","Gen anes adv air-sub 15 min","Dental","Yes",,"$133.82","$144.17","No","No","No","No","No","No","No","No",
"D9230","Analgesia","Dental","Yes",,"$37.23","$39.55","Yes","No","Yes","No","No","No","No","No",
"D9239","Iv mod sedation, 1st 15 min","Dental","Yes",,"$153.49","$155.86","Yes","No","Yes","No","No","No","No","No","1 unit allowed each visit"
"D9243","Iv sedation ea addl 15m","Dental","Yes",,"$145.46","$139.92","Yes","No","Yes","No","No","No","No","No","8 units allowed each visit"
"D9310","Dental consultation","Dental","Yes",,"$171.35","$146.04","Yes","No","Yes","No","No","No","No","No","Telephone consult is not covered. If the consulting provider provides the treatment, it will be considered a referral: no consultation fee will be allowed."
"D9410","Dental house call","Dental","Yes",,"$34.37","$63.81","Yes","No","Yes","No","No","No","No","Yes, through age 5",
"D9420","Hospital call","Dental","Yes",,"$213.60","$213.49","Yes","No","Yes","No","No","No","No","No",
"D9440","Office visit after hours","Dental","Yes",,"$78.27","$55.04","Yes","No","Yes","No","No","No","No","No",
"D9610","Dent therapeutic drug inject","Dental","Yes",,"$57.92","$43.40","Yes","No","Yes","No","No","No","No","No",
"D9612","Thera par drugs 2 or > admin","Dental","Yes",,"$61.04","$46.42","Yes","No","Yes","No","No","No","No","No",
"D9613","Infiltration thera drug","Dental","Yes",,"$20.45","$19.26","Yes","No","Yes","No","No","No","Yes","No",
"D9910","Dent appl desensitizing med","Dental","Yes",,"$37.12","$30.86","Yes","No","Yes","No","No","No","No","No",
"D9920","Behavior management","Dental","Yes",,"$175.58","$177.26","Yes","No","Yes","No","No","No","No","Yes, submit SFN 64. Documentation of extra time and/or extra dental office staff is required.",
"D9930","Treatment of complications","Dental","Yes",,"$74.67","$60.34","Yes","No","Yes","No","No","No","No","No",
"D9936","Clean occ guard","Dental","Yes",,"$38.16","$35.96","No","No","No","No","No","No","No","No",
"D9941","Fabrication athletic guard","Dental","Yes",,"$0.00","$0.00","No","No","No","No","No","No","No","No",
"D9943","Occlusal guard adjustment","Dental","Yes",,"$35.96","$38.16","Yes","No","Yes","No","No","No","No","No",
"D9944","Occ guard, hard, full arch","Dental","Yes",,"$364.46","$355.99","Yes","No","Yes","No","No","No","No","No","Service authorization is required for more than 1 each calendar year"
"D9945","Occ guard, soft, full arch","Dental","Yes",,"$364.46","$355.99","Yes","No","Yes","No","No","No","No","No","Service authorization is required for more than 1 each calendar year"
"D9946","Occ guard, hard, part arch","Dental","Yes",,"$385.45","$376.48","Yes","No","Yes","No","No","No","No","No","Service authorization is required for more than 1 each calendar year"
"D9950","Occlusion analysis","Dental","Yes",,"$26.35","$26.58","Yes","No","Yes","No","No","No","No","Yes",
"D9951","Limited occlusal adjustment","Dental","Yes",,"$42.98","$40.48","Yes","No","Yes","No","No","No","No","Yes",
"D9952","Complete occlusal adjustment","Dental","Yes",,"$527.15","$496.62","Yes","No","Yes","No","No","No","No","Yes",
"D9990","Trans or sign language svcs","Dental","Yes",,"$70.50","$70.50","No","No","No","No","No","No","No","No",
"D9991","Case mgmt, appt barriers","Dental","Yes",,"$22.57","$22.57","No","No","No","No","No","No","No","No","Service authorization is required for more than 2 each calendar year"
"D9992","Case mgmt, care coordination","Dental","Yes",,"$22.57","$22.57","No","No","No","No","No","No","No","No","Service authorization is required for more than 2 each calendar year"
"D9994","Case mgmt, pt education","Dental","Yes",,"$22.57","$22.57","No","No","No","No","No","No","No","No","Service authorization is required for more than 2 each calendar year"
"D9995","Teledentistry real-time","Dental","Yes",,"$20.53","$19.34","No","No","No","No","No","No","No","No",
"D9996","Teledentistry dent review","Dental","Yes",,"$20.53","$19.34","No","No","No","No","No","No","No","No",
